mask_id,area,perimeter,centroid_x,centroid_y
0,12160,592.1421353816986,73,69
1,11798,586.8284270763397,73,66
2,1690,428.9533175230026,44,133
